id;name;created_at;description;visibility;user_id
1;Lewis LLC;2012-12-17T17:46:59.526082;Share win draw foot picture catch. Happy TV region care.;PUBLIC;3
2;Ingram PLC;2004-12-25T02:41:06.865748;Choice per issue room possible rest. Affect present author player ago drop leader. Race future thus how.;PUBLIC;4
3;Bishop, Michael and Stevenson;1974-11-05T12:43:23.326706;Onto morning quality task. Shoulder daughter final head house knowledge cause.;PUBLIC;5
4;Irwin and Sons;1986-06-04T04:10:37.127611;Mention least seat war stock country. Soon nice history if section something.;PUBLIC;6
5;Davis, Young and Rodriguez;1996-07-24T03:48:40.130275;Upon perhaps happy six during. Suffer series man attack question future letter. Begin available trial peace produce serious yet.;PRIVATE;7
6;Mcclain and Sons;2008-04-23T03:44:55.942673;Cover green various high notice key. Respond open son interest.;PUBLIC;8
7;Miller, Gibson and Dixon;2007-04-17T18:22:13.308190;Walk score anyone south whatever various. Miss reach else. Court apply body career instead attack table.;PUBLIC;9
8;Vaughan LLC;1993-05-03T01:06:23.583418;Guy down even anything run. Church improve part newspaper. Season require season relationship loss threat film allow.;PUBLIC;10
9;Ortega LLC;2007-08-12T18:40:57.979913;Third through bank scene carry center quality. Fine drug specific or others.;PRIVATE;11
10;Mora PLC;2017-02-02T10:58:27.515880;Fill teacher admit table wonder. Them pressure nation close detail year.;PUBLIC;12
11;Austin, Dunlap and Cabrera;1978-06-01T12:57:46.160310;Newspaper condition family during.;PUBLIC;13
12;Martin-Hayden;2021-10-09T12:24:07.907704;Spring structure Congress time door bill word. Option activity practice night.;PUBLIC;14
13;Garner Inc;1972-05-14T03:22:10.567339;Field enjoy hair book how exactly. Compare wait director exist ever. American ready stand attention treatment pull method.;PUBLIC;15
14;Green Inc;1978-07-30T13:41:01.231181;Series form born defense certain show direction. Challenge approach also water leave might themselves.;PUBLIC;16
15;Obrien, Bailey and Singleton;1981-02-09T17:41:31.264839;Week history check large. Matter run friend possible brother for.;PRIVATE;17
16;Garcia, Johnston and Estrada;1970-01-19T20:04:20.518780;Begin defense response level ok always social institution. Present action record way.;PRIVATE;18
17;Pollard and Sons;2010-12-12T13:40:32.987912;Mention put experience character leader fall sit. See individual evidence beautiful each west name.;PRIVATE;19
18;Hughes, David and Sherman;2004-11-13T18:51:15.241792;Night trouble above dark while who pattern. How a identify plant whatever Mr. Owner agreement particular get store.;PUBLIC;20
19;Miller, Moyer and Pugh;2012-11-30T18:00:59.427242;Difficult oil green pass system image clear specific. Affect address house central miss but discussion mention. Concern visit three activity responsibility myself.;PUBLIC;21
20;Hernandez-Hebert;2015-02-01T18:30:04.203995;Participant month media vote. Democratic certain try yet TV. Word nearly gun political speech radio way.;PUBLIC;22
21;Reynolds PLC;2012-08-05T05:50:19.765968;Month situation floor worry daughter money physical. Like cut safe risk gas science. Teach even leader commercial. Bar apply east.;PRIVATE;23
22;Sanchez and Sons;1973-09-12T14:28:34.316577;Bed course director someone college position their. Work your carry represent too country million.;PRIVATE;24
23;Clay Ltd;1988-10-30T04:55:29.050237;Office although maybe national. World less behavior politics never position.;PRIVATE;25
24;Williams Inc;1990-03-16T13:07:10.651315;Second who focus radio total lot. Often book network difficult behavior expect. Hard hundred half action amount summer leave store. Tv since start know.;PRIVATE;26
25;Huff-Cooke;1985-02-10T23:20:17.832665;Tend know provide study treatment. Parent mind collection will family social exist southern. Congress in officer push team professor future.;PRIVATE;27
26;Higgins-Ellis;2020-08-04T03:48:33.107009;Paper factor either how arrive part reality. Raise gas official size want.;PUBLIC;28
27;Sanchez-Nguyen;1998-01-27T11:00:49.387117;Lead stage pretty heart nature kitchen represent. Exist face would control standard country sister thing.;PUBLIC;29
28;Summers PLC;1989-02-14T00:21:48.176661;Put education occur news clear safe arm. Part certain job wish those call degree.;PUBLIC;30
29;Allen-Townsend;2021-02-10T10:53:26.505007;Theory article play be herself option. Three which good paper moment long catch. Evidence old rather federal that.;PRIVATE;31
30;Rodriguez-Preston;2015-01-14T15:22:05.602134;Thought listen often summer impact without available. Another only others. Financial star government section sister.;PRIVATE;32
31;Taylor LLC;2008-11-29T12:06:01.495205;And election church pass go. Seem reflect establish.;PRIVATE;33
32;Buchanan-Richards;2015-03-20T07:50:58.351656;As teacher cell make open. Energy piece politics call able resource figure.;PUBLIC;34
33;Gonzalez Ltd;1972-10-07T23:01:47.353436;Forget third so bag involve ball. Development old talk agree but these. Fish yeah understand off simple bit find well.;PUBLIC;35
34;Williams Ltd;2025-03-25T00:03:03.710219;Perform behavior statement. Right ever whom because day chair dinner affect.;PRIVATE;36
35;Combs LLC;2010-02-14T16:43:28.976085;Vote condition beat. Form recently administration practice. Foot tough course.;PUBLIC;37
36;Jackson, Terry and Estrada;1992-05-04T03:51:56.522872;Them any summer alone foot kid. Three similar good success evening. Into whole goal.;PRIVATE;38
37;Oliver, Bennett and Hernandez;1998-11-09T11:00:19.251986;Stand talk rock become. She Congress send happy test. Dog risk suffer wear not.;PUBLIC;39
38;Bernard-Baldwin;2014-03-16T05:37:01.562709;So image so customer economic talk back. Fund teach exist by herself page poor.;PRIVATE;40
39;Lopez, Delacruz and Bass;1997-02-24T17:25:38.781900;Responsibility question ask art include. Choose page week debate nothing unit. Professional paper fear seven wish front.;PUBLIC;41
40;Bush, Bradley and Rogers;2025-08-31T12:44:54.945501;Never ready stay amount coach guess else control. Various management record window person it including write.;PUBLIC;42
41;Bonilla-Williams;1981-04-26T13:18:11.501691;Strategy board fast. Term sometimes political.;PUBLIC;43
42;Salinas-Howard;2023-05-07T03:23:07.492589;Upon standard yourself animal daughter office. Degree capital down company investment face.;PUBLIC;44
43;Haynes, Hubbard and Fry;2016-03-15T02:42:34.154290;Member hear opportunity. Activity reflect call morning.;PRIVATE;45
44;Carroll Ltd;1996-05-25T04:20:34.778673;While knowledge participant during. General heart media official. Claim alone rich everything author sometimes sort.;PUBLIC;46
45;Russo-Smith;1976-09-12T21:30:30.185057;Light science walk truth last.;PUBLIC;47
46;Young, Herrera and Lee;1982-12-11T02:38:37.868403;Sing size support west be. Sound eight smile against cold wife until. Could medical response single total must employee. Education of on nearly room.;PRIVATE;48
47;Nelson-Acosta;1984-05-10T15:19:47.321240;Test explain box answer. Evidence sense none build although administration difficult risk. Produce investment likely. Two present administration majority court oil challenge.;PRIVATE;49
48;Martin, Ramirez and Marquez;1975-11-13T02:32:30.713443;Start nice pull anyone nor police scientist.;PUBLIC;50
49;Martin Inc;1988-06-28T10:10:54.743035;Interesting player receive air there indicate dark. Wear general quite quickly body interesting allow. Single life environmental kind recently.;PUBLIC;51
50;Thomas, Johnson and Miller;1992-08-17T07:36:18.360875;Training interesting from choice keep war lawyer. Guy Democrat push cost. Seven itself garden against could recently.;PUBLIC;52
51;Strong Inc;1985-02-01T19:36:52.986489;Seat quickly put site particular under defense. Soldier him next expect contain.;PUBLIC;53
52;Conley-Bauer;1983-11-09T04:00:57.992939;Brother either side top pick. Later worry expect structure fight growth.;PRIVATE;54
53;King-Vargas;1982-03-09T19:15:14.897633;Somebody design heart reason allow amount surface. Skin industry management south true.;PUBLIC;55
54;Anderson, Johnson and Berry;1979-11-29T23:17:15.845534;Agency world hospital room write sound. Against result not throw generation go. Good actually enough shoulder position may. Law recent concern leg.;PUBLIC;56
55;Moon Ltd;1983-12-03T13:59:40.233548;Administration expect never. Beat traditional particular do vote home represent.;PRIVATE;57
56;Williams-Brooks;2015-08-10T20:04:41.758599;Away similar quality. Free listen style your me stuff event process.;PUBLIC;58
57;Ray, Estrada and Gibson;2005-09-23T05:21:08.057524;Each time bit author court hotel. Paper quickly thousand young four south. Financial early big clearly.;PUBLIC;59
58;Figueroa-Robertson;1973-08-27T09:52:37.855080;Bank final think. Second rest information box cause act.;PUBLIC;60
59;Swanson-Thomas;1971-09-19T11:27:48.954652;Organization step happen similar traditional. Political son least sign never. Soldier case ago buy already third.;PUBLIC;61
60;Bowman-Fuller;1990-11-14T08:12:07.879854;Represent important set hospital never compare huge. Nothing give season street argue nice yourself.;PRIVATE;62
61;Henry-Roberts;1996-03-17T13:13:40.766190;Range likely school citizen surface Republican star. I not pass news.;PUBLIC;63
62;Hayes Inc;2011-07-02T14:00:19.913194;Lawyer prove agreement side its himself task responsibility. Quite subject professor wonder tree.;PUBLIC;64
63;Brown-Miller;1999-08-06T06:13:22.336342;Woman responsibility teacher. Kind record face check. Better among but maybe dog politics.;PRIVATE;65
64;Parker, Robinson and Kennedy;2005-12-18T05:41:48.083558;Heart nearly room bit trial ever. Different both raise economy tax us benefit cup. Listen us expect.;PRIVATE;66
65;Shaw, Smith and Munoz;2006-02-20T10:45:49.249424;Night explain consumer. Benefit factor home building my. Set pattern that somebody who behind reason.;PRIVATE;67
66;Smith-Tate;2006-04-15T17:15:26.495696;Discover of create do debate blood. Move color exist sport central cut for.;PUBLIC;68
67;Harper Ltd;1983-03-29T06:04:28.964660;Couple through figure possible training. Family drug child amount technology.;PRIVATE;69
68;Obrien PLC;1975-08-13T07:59:27.098671;Hard expert south peace sound. Everything example force across offer debate perhaps. Meet soldier place act.;PUBLIC;70
69;Johnson, Hawkins and Crosby;1983-10-12T07:00:26.688271;Member what day include crime fire. Agreement product star out.;PUBLIC;71
70;Butler PLC;2023-08-14T15:46:27.664764;Mrs letter seven yard worry let start. Development describe soldier believe animal interview treatment.;PRIVATE;72
71;Hill-Mendez;2009-01-11T17:57:13.008219;Activity institution near world support including. Pattern plan fill agree. Experience marriage within yourself.;PRIVATE;73
72;Adams, Reynolds and Nelson;2019-01-23T19:10:22.899758;Compare candidate adult suffer least. Chair magazine rule too manager its week.;PUBLIC;74
73;Orr Group;1985-04-04T11:52:21.182617;Weight cell agent great. Hour mention occur identify some stuff with mouth. Fill or letter.;PRIVATE;75
74;Burke PLC;2018-02-17T10:09:55.312603;Process apply stand exactly. Federal think probably care.;PRIVATE;76
75;Diaz, Bryant and Miller;1981-04-02T03:06:07.034746;Administration could food cup. Need case conference kind civil class. Become service purpose.;PRIVATE;77
76;Molina LLC;1971-07-31T23:17:52.571794;If idea lead all new model while.;PUBLIC;78
77;Moore-Howell;1983-05-24T03:27:24.484163;Turn truth edge remain treat they.;PRIVATE;79
78;Reynolds, Johnson and Wilson;1995-08-07T07:45:10.118097;Meeting day fast avoid. Environment begin become top. Exactly director deal million daughter week.;PRIVATE;80
79;Brooks, Sullivan and Hines;2021-01-29T00:26:00.429886;Personal road who thus wait. Plan tend for interview.;PUBLIC;81
80;Larson, Collins and Chen;1982-12-12T21:47:18.394759;Employee east Democrat report research. Vote change commercial. Mission describe stuff during again world her.;PRIVATE;82
81;Wilkerson, Martinez and Conway;2025-02-04T00:18:11.153566;Write mind cover fly need quite first. Person style affect. Right machine wish budget stock page. Five quickly major sing half hope laugh.;PRIVATE;83
82;Gillespie, Johnson and Wright;2016-10-23T23:25:47.948157;Record yard involve according mother. Along improve century thing officer.;PRIVATE;84
83;Strong and Sons;2012-09-02T03:46:09.533216;Attack store attention section huge. Like account cup far lot couple general.;PRIVATE;85
84;Collins, Zimmerman and Gordon;1976-02-20T23:20:05.571187;Director identify public reflect step TV explain hot. Site president still game card movement. Decade design particular subject note.;PUBLIC;86
85;Moran-Herrera;1989-12-16T16:29:05.841996;Program statement civil serious. Hot involve peace. Writer successful type room something. Such tend away girl onto agent wind.;PUBLIC;87
86;Chen, Young and Trevino;2016-02-25T10:35:31.478754;View area dark full magazine especially. Simple radio feeling door.;PUBLIC;88
87;Kelly and Sons;2016-07-06T12:10:27.576288;Reach near whom ask break else fight. Meet buy choice. South collection medical though begin want.;PUBLIC;89
88;Romero, Schwartz and Owens;1986-12-17T10:32:37.590981;Couple none person order heavy too.;PUBLIC;90
89;Harris-Conley;1981-12-08T14:26:26.020012;Single possible never least cut record. Do once decade support attack.;PUBLIC;91
90;Norris, Williams and Brown;2018-07-21T09:30:39.252193;Compare evening past music lead. Product country safe music instead may.;PRIVATE;92
91;Ruiz, Maxwell and Peters;1974-01-03T12:09:44.771483;Middle product ahead within administration. Still serious five position goal ever prevent. Majority miss land cost girl film should.;PRIVATE;93
92;Simmons-Allen;2020-10-18T02:47:53.777174;Claim shake much how. Worry or a girl eight man. Future trade sister guy dinner former.;PRIVATE;94
93;Ramirez, Cole and Holland;1990-06-11T11:30:57.327598;Give memory eye partner check hotel general institution. Never herself read central forward appear west. Capital forward explain each early day realize.;PRIVATE;95
94;Barrera, Graves and Rios;2011-01-23T15:21:55.461366;Series close car article travel campaign. Third about guess item establish gun chair.;PUBLIC;96
95;Jenkins-Phillips;1999-11-24T16:23:08.784004;Maintain school outside seat environment call others difficult. End none human consider box campaign visit.;PUBLIC;97
96;Cruz-Burgess;1987-06-24T06:37:10.254601;Office someone take suddenly sense physical. Table staff exist animal certainly. Necessary collection this black cause sell talk. City around apply memory soon spend positive.;PRIVATE;98
97;Fields Inc;2021-12-16T16:38:42.915061;Economy concern bill technology voice yard. Mr pattern foot collection direction.;PRIVATE;99
98;Shelton LLC;2009-10-13T08:49:25.622704;Open movie city leg democratic threat apply friend. Along front public your.;PRIVATE;100
99;Daniel, Santos and Watson;1999-09-05T17:45:02.071762;Attorney hand water campaign skill. War common city visit consider radio. Time blood behavior middle.;PUBLIC;101
100;Douglas-Green;1986-09-10T17:48:03.170219;Fine rule policy produce important shake. View training protect collection shake civil heavy.;PUBLIC;102
